{
  "format_version": 1,
  "description": "Robust hybrid14 hand target selected by the seed-1 hand-space refinement sweep.",
  "source_seed": 1,
  "hand_joint_names": [
    "index_joint0",
    "middle_joint0",
    "pinky_joint0",
    "ring_joint0",
    "thumb_joint0",
    "index_joint1",
    "middle_joint1",
    "pinky_joint1",
    "ring_joint1",
    "thumb_joint1",
    "index_joint2",
    "thumb_joint2"
  ],
  "distal_joint_names": [
    "thumb_joint2",
    "index_joint2",
    "middle_joint1",
    "ring_joint1",
    "pinky_joint1"
  ],
  "results": {
    "hybrid14": {
      "latent": [
        0.8624014258384705,
        0.09437621384859085,
        -0.548497200012207,
        -0.7251584529876709,
        0.5804070830345154,
        0.7502813339233398,
        -0.500000536441803,
        -0.7012396454811096,
        0.6532250046730042,
        -0.0005660485476255417,
        -0.04242861270904541,
        -0.8112512230873108,
        -0.30135881900787354,
        0.5846939086914062
      ],
      "target": [
        -0.14189282059669495,
        1.697986364364624,
        1.518975019454956,
        1.848893404006958,
        1.7533352375030518,
        1.697484016418457,
        0.18232345581054688,
        1.5221312046051025,
        0.6706430912017822,
        1.1448547840118408,
        0.9235873818397522,
        0.8266261219978333
      ],
      "q_wrap": 0.7259437441825867,
      "q_grasp": 0.6681711077690125,
      "latch_fraction": 1.0,
      "clearance_peak": 0.00005775317549705505,
      "xy_drift": 0.01297964621335268,
      "rotation_drift_rad": 0.14836548268795013,
      "force_peak": [
        16.18010139465332,
        0.0,
        10.05637264251709,
        8.515519142150879,
        22.414430618286133
      ],
      "robust_grasp_pass": true
    }
  }
}
